Order ID,Property,Customer Name,Decant Size,Delivery Fee,Delivery Services,Notes,Order Date,Order Status,Payment,Payment Method,Profit,Qty,Rollup,Sell Price,Total
OD001,JLO Still EDP Batch 1 (W) (https://app.notion.com/p/JLO-Still-EDP-Batch-1-W-330ef51f35c6808ba83afbb1fdbec208?pvs=21),Khin Lay,10,,,,"March 30, 2026",Done,Paid,KBZ Pay,7000.00,1,170000,24000,24000
OD002,JLO Still EDP Batch 1 (W) (https://app.notion.com/p/JLO-Still-EDP-Batch-1-W-330ef51f35c6808ba83afbb1fdbec208?pvs=21),Ma Swe,10,,,,"March 31, 2026",Done,Paid,Cash,14000.00,2,170000,24000,48000
OD004,JLO Still EDP Batch 1 (W) (https://app.notion.com/p/JLO-Still-EDP-Batch-1-W-330ef51f35c6808ba83afbb1fdbec208?pvs=21),Ma Naw Muu,10,,,,"March 31, 2026",Done,Paid,Cash,7000.00,1,170000,24000,24000
OD004,Nautica Voyage Sport (M) (https://app.notion.com/p/Nautica-Voyage-Sport-M-330ef51f35c680218e08d21cee844222?pvs=21),Aung Ko,10,,,,"March 31, 2026",Done,Paid,Cash,8000.00,1,140000,22000,22000
OD005,JLO Still EDP Batch 1 (W) (https://app.notion.com/p/JLO-Still-EDP-Batch-1-W-330ef51f35c6808ba83afbb1fdbec208?pvs=21),May Lwin,10,,,,"March 31, 2026",Done,Paid,KBZ Pay,9000.00,1,170000,26000,26000
OD006,JLO Still EDP Batch 1 (W) (https://app.notion.com/p/JLO-Still-EDP-Batch-1-W-330ef51f35c6808ba83afbb1fdbec208?pvs=21),Zin,10,,,,"March 31, 2026",Done,Paid,KBZ Pay,18000.00,2,170000,26000,52000
OD007,Armaf CDN Untold (U) (https://app.notion.com/p/Armaf-CDN-Untold-U-330ef51f35c680d3a368e96a4f8f327f?pvs=21),THZ,5,,,,"April 1, 2026",Done,Paid,KBZ Pay,714.29,1,195000,10000,10000
OD008,D&G Light Blue EDT (W)  (https://app.notion.com/p/D-G-Light-Blue-EDT-W-330ef51f35c68087b5bec9dbd0fb3421?pvs=21),Hnin Ei,5,,,,"April 1, 2026",Done,Paid,Cash,5250.00,1,255000,18000,18000
OD009,Nautica Voyage Sport (M) (https://app.notion.com/p/Nautica-Voyage-Sport-M-330ef51f35c680218e08d21cee844222?pvs=21),Tin Htoo Aung,5,,,,"April 1, 2026",Done,Paid,Cash,112000.00,1,140000,119000,119000
OD010,D&G Light Blue EDT (W)  (https://app.notion.com/p/D-G-Light-Blue-EDT-W-330ef51f35c68087b5bec9dbd0fb3421?pvs=21),Naw Sal,5,,,,"April 3, 2026",Done,Paid,Cash,6250.00,1,255000,19000,19000
OD011,Armaf CDN EDP (W) (https://app.notion.com/p/Armaf-CDN-EDP-W-330ef51f35c6804496b6f8645a24ecb2?pvs=21),Ei ThaZin Aung,10,,,,"April 8, 2026",Done,Paid,KBZ Pay,8857.14,1,180000,26000,26000
OD012,D&G L'Imperatrice EDT (W) (https://app.notion.com/p/D-G-L-Imperatrice-EDT-W-338ef51f35c680e49d5fc5b494cee739?pvs=21),Zin,10,,,,"April 8, 2026",Done,Paid,KBZ Pay,13400.00,1,236000,37000,37000
OD013,D&G L'Imperatrice EDT (W) (https://app.notion.com/p/D-G-L-Imperatrice-EDT-W-338ef51f35c680e49d5fc5b494cee739?pvs=21),Ma Ame,10,,,,"April 8, 2026",Done,Paid,KBZ Pay,13400.00,1,236000,37000,37000
OD014,Gucci Floral gorgeous gardenia (https://app.notion.com/p/Gucci-Floral-gorgeous-gardenia-338ef51f35c680939fc7f07742b8dac2?pvs=21),Ma Moe Thu,10,,,,"April 8, 2026",Done,Paid,KBZ Pay,23300.00,1,317000,55000,55000
OD015,VS Bombshell EDP (W) (https://app.notion.com/p/VS-Bombshell-EDP-W-338ef51f35c680d391d7d11dd7eaca00?pvs=21),Doru,10,,,,"April 9, 2026",Done,Paid,Cash,23500.00,1,295000,53000,53000
OD016,VS Bombshell EDP (W) (https://app.notion.com/p/VS-Bombshell-EDP-W-338ef51f35c680d391d7d11dd7eaca00?pvs=21),Khaing Hsu Yee Tun,10,,,,"April 9, 2026",Done,Paid,KBZ Pay,23500.00,1,295000,53000,53000
OD017,VS Bombshell EDP (W) (https://app.notion.com/p/VS-Bombshell-EDP-W-338ef51f35c680d391d7d11dd7eaca00?pvs=21),Tin Htoo Aung,10,,,,"April 10, 2026",Done,Paid,KBZ Pay,23500.00,1,295000,53000,53000
,JLO Still EDP Batch 1 (W) (https://app.notion.com/p/JLO-Still-EDP-Batch-1-W-330ef51f35c6808ba83afbb1fdbec208?pvs=21),Tester,3,,,,,,,,-5100.00,1,170000,0,0
OD018,Gucci Floral gorgeous gardenia (https://app.notion.com/p/Gucci-Floral-gorgeous-gardenia-338ef51f35c680939fc7f07742b8dac2?pvs=21),Htet,10,,,,"April 18, 2026",Done,Paid,KBZ Pay,23300.00,1,317000,55000,55000
OD019,D&G L'Imperatrice EDT (W) (https://app.notion.com/p/D-G-L-Imperatrice-EDT-W-338ef51f35c680e49d5fc5b494cee739?pvs=21),Htet,10,,,,"April 18, 2026",Done,Paid,KBZ Pay,13400.00,1,236000,37000,37000
OD020,VS Bombshell EDP (W) (https://app.notion.com/p/VS-Bombshell-EDP-W-338ef51f35c680d391d7d11dd7eaca00?pvs=21),Htet,10,,,,"April 18, 2026",Done,Paid,KBZ Pay,23500.00,1,295000,53000,53000
OD022,CK In 2U For Her EDT (W) (https://app.notion.com/p/CK-In-2U-For-Her-EDT-W-330ef51f35c680779c9ddc5b57088e52?pvs=21),Mo Mo,10,,,,"April 11, 2026",Done,Paid,KBZ Pay,11000.00,1,150000,26000,26000
OD021,VS Bombshell EDP (W) (https://app.notion.com/p/VS-Bombshell-EDP-W-338ef51f35c680d391d7d11dd7eaca00?pvs=21),Ma Swe,10,,,,"April 19, 2026",Done,Paid,KBZ Pay,23500.00,1,295000,53000,53000
OD023,VS Bombshell EDP (W) (https://app.notion.com/p/VS-Bombshell-EDP-W-338ef51f35c680d391d7d11dd7eaca00?pvs=21),Ko Nyi,30,,,,"April 19, 2026",Done,Paid,KBZ Pay,51500.00,1,295000,140000,140000
OD024,JLO Still EDP Batch 1 (W) (https://app.notion.com/p/JLO-Still-EDP-Batch-1-W-330ef51f35c6808ba83afbb1fdbec208?pvs=21),Ko Nyi,10,,,,"April 19, 2026",Done,Paid,KBZ Pay,7333.00,1,170000,24333,24333
OD026,JLO Still EDP Batch 1 (W) (https://app.notion.com/p/JLO-Still-EDP-Batch-1-W-330ef51f35c6808ba83afbb1fdbec208?pvs=21),Zin,10,,,,"April 21, 2026",Done,Paid,KBZ Pay,7000.00,1,170000,24000,24000
OD027,D&G L'Imperatrice EDT (W) (https://app.notion.com/p/D-G-L-Imperatrice-EDT-W-338ef51f35c680e49d5fc5b494cee739?pvs=21),Khaing Su,5,,,,"April 26, 2026",Done,Paid,Cash,8200.00,1,236000,20000,20000
OD025,JLO Still EDP Batch-2 (W) (https://app.notion.com/p/JLO-Still-EDP-Batch-2-W-349ef51f35c680d9b2a3e18cbb8af2ed?pvs=21),Ko Nyi,20,,,,"April 19, 2026",Done,Paid,KBZ Pay,16666.00,1,150000,46666,46666
OD028,D&G Light Blue EDT (W)  (https://app.notion.com/p/D-G-Light-Blue-EDT-W-330ef51f35c68087b5bec9dbd0fb3421?pvs=21),Win Lwin Oo,5,,,,"April 28, 2026",Done,Paid,Cash,6250.00,1,255000,19000,19000
OD029,JLO Still EDP Batch-2 (W) (https://app.notion.com/p/JLO-Still-EDP-Batch-2-W-349ef51f35c680d9b2a3e18cbb8af2ed?pvs=21),Aung Ko Ko Naing,10,,,,"May 7, 2026",Done,Paid,KBZ Pay,11000.00,1,150000,26000,26000
OD030,JLO Still EDP Batch-2 (W) (https://app.notion.com/p/JLO-Still-EDP-Batch-2-W-349ef51f35c680d9b2a3e18cbb8af2ed?pvs=21),Yuki,10,,,,"June 5, 2026",Done,Paid,KBZ Pay,11000.00,1,150000,26000,26000
OD031,CK Reflection (https://app.notion.com/p/CK-Reflection-349ef51f35c6808e95c2e674852cfe3e?pvs=21),MoMo,100,,,,"May 9, 2026",Done,Paid,KBZ Pay,31000.00,1,139000,170000,170000
OD032,D&G L'Imperatrice EDT (W) (https://app.notion.com/p/D-G-L-Imperatrice-EDT-W-338ef51f35c680e49d5fc5b494cee739?pvs=21),Shwe Pyi Aein,10,,,,"May 8, 2026",Done,Paid,Cash,11400.00,1,236000,35000,35000
OD033,Armaf CDN Untold (U) (https://app.notion.com/p/Armaf-CDN-Untold-U-330ef51f35c680d3a368e96a4f8f327f?pvs=21),Ma Moe,10,,,,"May 8, 2026",Done,Paid,Cash,-8571.43,1,195000,10000,10000
OD034,Replica beach Walk (https://app.notion.com/p/Replica-beach-Walk-349ef51f35c680ae8a80e43959f15ebe?pvs=21),BD Present,10,,,,,,,,-28800.00,1,288000,,0
OD035,CK In 2U For Her EDT (W) (https://app.notion.com/p/CK-In-2U-For-Her-EDT-W-330ef51f35c680779c9ddc5b57088e52?pvs=21),Khin Kaung Sint,30,6000,,,"May 11, 2026",Done,Paid,Cash,9000.00,1,150000,60000,60000
OD036,JLO Still EDP Batch-2 (W) (https://app.notion.com/p/JLO-Still-EDP-Batch-2-W-349ef51f35c680d9b2a3e18cbb8af2ed?pvs=21),,10,,,,,,,,-15000.00,1,150000,,0
OD037,Julitte has a gun (Tester) (https://app.notion.com/p/Julitte-has-a-gun-Tester-349ef51f35c68056b5a4f960f8507cfc?pvs=21),Phoe Thar,10,,,,,,,,-29200.00,1,292000,,0
ODO38,Idole EDP (https://app.notion.com/p/Idole-EDP-35aef51f35c6808e8668ed83ebecf831?pvs=21),Ma Lin,10,,,,"May 17, 2026",Done,Paid,KBZ Pay,-43000.00,1,430000,,0
OD039,SI Intense Refill (https://app.notion.com/p/SI-Intense-Refill-349ef51f35c680ad99d2e902fc30b9e1?pvs=21),YuKi,5,,,,"May 17, 2026",Done,Paid,KBZ Pay,10100.00,1,198000,20000,20000
OD040,D&G L'Imperatrice EDT (W) (https://app.notion.com/p/D-G-L-Imperatrice-EDT-W-338ef51f35c680e49d5fc5b494cee739?pvs=21),Yin Lay,,,,,"May 19, 2026",Done,Paid,KBZ Pay,0.00,1,236000,97000,97000
,D&G L'Imperatrice EDT (W) (https://app.notion.com/p/D-G-L-Imperatrice-EDT-W-338ef51f35c680e49d5fc5b494cee739?pvs=21),Tester,3,,,,,,,,-7080.00,1,236000,,0
OD041,Julitte has a gun (Tester) (https://app.notion.com/p/Julitte-has-a-gun-Tester-349ef51f35c68056b5a4f960f8507cfc?pvs=21),Thandar Win,10,1000,Ninja Van,,"May 22, 2026",Done,Paid,KBZ Pay,15800.00,1,292000,46000,46000
OD042,Julitte has a gun (Tester) (https://app.notion.com/p/Julitte-has-a-gun-Tester-349ef51f35c68056b5a4f960f8507cfc?pvs=21),May Thwe Ko,10,150,Ninja Van,,"May 23, 2026",Done,Paid,KBZ Pay,17650.00,1,292000,47000,47000
OD043,Idole EDP (https://app.notion.com/p/Idole-EDP-35aef51f35c6808e8668ed83ebecf831?pvs=21),Phyo Pa Pa,10,150,Ninja Van,,"May 24, 2026",Done,Paid,KBZ Pay,-8150.00,1,430000,35000,35000
OD044,Idole EDP (https://app.notion.com/p/Idole-EDP-35aef51f35c6808e8668ed83ebecf831?pvs=21),Soe Soe,5,,,,"May 26, 2026",Done,Paid,KBZ Pay,13500.00,1,430000,35000,35000
OD045,JLO Still EDP Batch-2 (W) (https://app.notion.com/p/JLO-Still-EDP-Batch-2-W-349ef51f35c680d9b2a3e18cbb8af2ed?pvs=21),Soe Soe,10,,,,"May 26, 2026",Done,Paid,Cash,10000.00,1,150000,25000,25000
OD046,Julitte has a gun (Tester) (https://app.notion.com/p/Julitte-has-a-gun-Tester-349ef51f35c68056b5a4f960f8507cfc?pvs=21),Thaw Zin Aung,10,,,,"May 26, 2026",Done,COD,KBZ Pay,17800.00,1,292000,47000,47000
OD047,Burberry Her EDP (https://app.notion.com/p/Burberry-Her-EDP-36cef51f35c6801c9aaed98abff477c2?pvs=21),Kywat,5,,,,"May 26, 2026",Packing,COD,,7650.00,1,387000,27000,27000
OD048,Armaf CDN EDP (W) (https://app.notion.com/p/Armaf-CDN-EDP-W-330ef51f35c6804496b6f8645a24ecb2?pvs=21),Kywat,5,,,,"May 26, 2026",Packing,COD,,5428.57,1,180000,14000,14000
OD049,Julitte has a gun (Tester) (https://app.notion.com/p/Julitte-has-a-gun-Tester-349ef51f35c68056b5a4f960f8507cfc?pvs=21),Ma Myat Noe,10,,Ninja Van,,"May 27, 2026",Done,COD,KBZ Pay,17800.00,1,292000,47000,47000
OD050,Idole EDP (https://app.notion.com/p/Idole-EDP-35aef51f35c6808e8668ed83ebecf831?pvs=21),Yuki,10,,,,"May 27, 2026",Done,Paid,KBZ Pay,23000.00,1,430000,66000,66000
OD051,Julitte has a gun (Tester) (https://app.notion.com/p/Julitte-has-a-gun-Tester-349ef51f35c68056b5a4f960f8507cfc?pvs=21),Doru,5,,,,"May 26, 2026",Done,Paid,KBZ Pay,13400.00,1,292000,28000,28000
OD051,Julitte has a gun (Tester) (https://app.notion.com/p/Julitte-has-a-gun-Tester-349ef51f35c68056b5a4f960f8507cfc?pvs=21),Tester,5,,,,"May 20, 2026",Done,,,-14600.00,1,292000,,0
OD052,CK In 2U For Her EDT (W) (https://app.notion.com/p/CK-In-2U-For-Her-EDT-W-330ef51f35c680779c9ddc5b57088e52?pvs=21),ShweKit,10,300,,,,Done,COD,KBZ Pay,10700.00,1,150000,26000,26000
OD053,Burberry Her EDP (https://app.notion.com/p/Burberry-Her-EDP-36cef51f35c6801c9aaed98abff477c2?pvs=21),Ei Phyu Moe,10,,MGL,,"May 29, 2026",Done,Paid,KBZ Pay,17300.00,1,387000,56000,56000
OD054,Julitte has a gun (Tester) (https://app.notion.com/p/Julitte-has-a-gun-Tester-349ef51f35c68056b5a4f960f8507cfc?pvs=21),Khin Lay,10,,Ninja Van,,"May 30, 2026",Done,COD,KBZ Pay,17800.00,1,292000,47000,47000
OD055,SI Intense Refill (https://app.notion.com/p/SI-Intense-Refill-349ef51f35c680ad99d2e902fc30b9e1?pvs=21),Khin lay,10,,Ninja Van,,"May 30, 2026",Done,COD,KBZ Pay,15200.00,1,198000,35000,35000
0D056,Burberry Her EDP (https://app.notion.com/p/Burberry-Her-EDP-36cef51f35c6801c9aaed98abff477c2?pvs=21),Khin Lay,3,,Ninja Van,,"May 30, 2026",Done,COD,KBZ Pay,5890.00,1,387000,17500,17500
OD057,D&G Light Blue EDT (W)  (https://app.notion.com/p/D-G-Light-Blue-EDT-W-330ef51f35c68087b5bec9dbd0fb3421?pvs=21),Khin Lay,10,,Ninja Van,,"May 30, 2026",Done,Paid,KBZ Pay,9000.00,1,255000,34500,34500
OD058,Armaf CDN EDP (W) (https://app.notion.com/p/Armaf-CDN-EDP-W-330ef51f35c6804496b6f8645a24ecb2?pvs=21),San Zay Htike,30,,Ninja Van,,"June 4, 2026",Done,COD,KBZ Pay,20571.43,1,180000,72000,72000
OD060,Armaf CDN EDP (W) (https://app.notion.com/p/Armaf-CDN-EDP-W-330ef51f35c6804496b6f8645a24ecb2?pvs=21),ဆုလာဒ်နှင်း,10,,Ninja Van,,"June 4, 2026",Done,COD,KBZ Pay,4857.14,1,180000,22000,22000
OD061,SI Intense Refill (https://app.notion.com/p/SI-Intense-Refill-349ef51f35c680ad99d2e902fc30b9e1?pvs=21),Wai Phue Eain,30,,Ninja Van,,"June 4, 2026",Done,COD,KBZ Pay,25600.00,1,198000,85000,85000
OD062,Replica beach Walk (https://app.notion.com/p/Replica-beach-Walk-349ef51f35c680ae8a80e43959f15ebe?pvs=21),Thant Zin Oo,10,5500,,,,,,,-34300.00,1,288000,,0
OD063,D&G Light Blue EDT (W)  (https://app.notion.com/p/D-G-Light-Blue-EDT-W-330ef51f35c68087b5bec9dbd0fb3421?pvs=21),U Myint Kywel,30,,Royal Express,,"June 4, 2026",Done,Paid,KBZ Pay,23500.00,1,255000,100000,100000
OD064,SI Intense Refill (https://app.notion.com/p/SI-Intense-Refill-349ef51f35c680ad99d2e902fc30b9e1?pvs=21),U Myint Kywel,30,,Royal Express,,"June 4, 2026",Done,Paid,KBZ Pay,28600.00,1,198000,88000,88000
OD065,Gucci Floral gorgeous gardenia (https://app.notion.com/p/Gucci-Floral-gorgeous-gardenia-338ef51f35c680939fc7f07742b8dac2?pvs=21),U Myint Kywel,30,,Royal Express,,"June 4, 2026",Done,Paid,KBZ Pay,39900.00,1,317000,135000,135000
OD066,Armaf CDN EDP (W) (https://app.notion.com/p/Armaf-CDN-EDP-W-330ef51f35c6804496b6f8645a24ecb2?pvs=21),EI Thazin Aung,3,,,,"May 16, 2026",Done,Paid,Cash,2857.14,1,180000,8000,8000
,CK In 2U For Her EDT (W) (https://app.notion.com/p/CK-In-2U-For-Her-EDT-W-330ef51f35c680779c9ddc5b57088e52?pvs=21),Ei Thazin Aung,3,,,,"May 16, 2026",Done,Paid,Cash,3500.00,1,150000,8000,8000
,JLO Still EDP Batch-2 (W) (https://app.notion.com/p/JLO-Still-EDP-Batch-2-W-349ef51f35c680d9b2a3e18cbb8af2ed?pvs=21),Ei Thazin Aung,3,,,,"May 16, 2026",Done,Paid,Cash,3500.00,1,150000,8000,8000
,Armaf CDN EDP (W) (https://app.notion.com/p/Armaf-CDN-EDP-W-330ef51f35c6804496b6f8645a24ecb2?pvs=21),,,,,,,,,,0.00,,180000,,0
,Armaf CDN EDP (W) (https://app.notion.com/p/Armaf-CDN-EDP-W-330ef51f35c6804496b6f8645a24ecb2?pvs=21),,5,,,,,,,,-8571.43,1,180000,,0
OD067,Armaf CDN EDP (W) (https://app.notion.com/p/Armaf-CDN-EDP-W-330ef51f35c6804496b6f8645a24ecb2?pvs=21),မချိုချို၀င်း,10,,Ninja Van,,"June 4, 2026",Done,COD,KBZ Pay,4857.14,1,180000,22000,22000
OD068,Burberry Her EDP (https://app.notion.com/p/Burberry-Her-EDP-36cef51f35c6801c9aaed98abff477c2?pvs=21),ခင်မို့မို့အောင်,10,,Ninja Van,,"June 5, 2026",Done,COD,KBZ Pay,14300.00,1,387000,53000,53000
OD069,Armaf CDN Untold (U) (https://app.notion.com/p/Armaf-CDN-Untold-U-330ef51f35c680d3a368e96a4f8f327f?pvs=21),Wai Yan,10,,Ninja Van,,"June 6, 2026",Done,COD,KBZ Pay,8428.57,1,195000,27000,27000
OD070,SI Intense Refill (https://app.notion.com/p/SI-Intense-Refill-349ef51f35c680ad99d2e902fc30b9e1?pvs=21),Khaing Pwint,10,,,,"June 12, 2026",Done,Paid,KBZ Pay,15200.00,1,198000,35000,35000
OD071,D&G Light Blue EDT (W)  (https://app.notion.com/p/D-G-Light-Blue-EDT-W-330ef51f35c68087b5bec9dbd0fb3421?pvs=21),YuKi,10,,,,"June 12, 2026",Done,Paid,KBZ Pay,12500.00,1,255000,38000,38000
OD072,JLO Still EDP Batch-2 (W) (https://app.notion.com/p/JLO-Still-EDP-Batch-2-W-349ef51f35c680d9b2a3e18cbb8af2ed?pvs=21),ZMP (Yuki),10,,,,"June 12, 2026",Done,Paid,KBZ Pay,12000.00,1,150000,27000,27000
OD073,Armaf CDN Untold (U) (https://app.notion.com/p/Armaf-CDN-Untold-U-330ef51f35c680d3a368e96a4f8f327f?pvs=21),Zin,30,,,,"June 15, 2026",Done,Paid,KBZ Pay,22785.71,1,195000,78500,78500
,Versace Bright Crystal Absolu (https://app.notion.com/p/Versace-Bright-Crystal-Absolu-378ef51f35c68076bfa9f60900719cec?pvs=21),Tester,5,,,,,,,,-13500.00,1,243000,,0
OD074,Armaf CDN Untold (U) (https://app.notion.com/p/Armaf-CDN-Untold-U-330ef51f35c680d3a368e96a4f8f327f?pvs=21),May Lay,15,,Ninja Van,"မန်းလေး ကန်တော်ကြီး မြို့ပတ်လမ်း နှလုံသား ဥယျာဥ် ေရှ့
ချမ်းမြသာစည် မြို့နယ်.... ","June 15, 2026",Done,Paid,KBZ Pay,11142.86,1,195000,39000,39000
OD074,Burberry Her EDP (https://app.notion.com/p/Burberry-Her-EDP-36cef51f35c6801c9aaed98abff477c2?pvs=21),May lay,5,,Ninja Van,,"June 15, 2026",Done,Paid,KBZ Pay,7650.00,1,387000,27000,27000
,Armaf CDN Untold (U) (https://app.notion.com/p/Armaf-CDN-Untold-U-330ef51f35c680d3a368e96a4f8f327f?pvs=21),Tester,15,,,,,,,,-27857.14,1,195000,0,0
OD075,D&G Light Blue EDT (W)  (https://app.notion.com/p/D-G-Light-Blue-EDT-W-330ef51f35c68087b5bec9dbd0fb3421?pvs=21),Htet Htet,5,,Ninja Van,,"June 17, 2026",Done,Paid,KBZ Pay,6750.00,1,255000,19500,19500
,Burberry Her EDP (https://app.notion.com/p/Burberry-Her-EDP-36cef51f35c6801c9aaed98abff477c2?pvs=21),Htet Htet,5,,Ninja Van,,"June 19, 2026",Done,Paid,KBZ Pay,7650.00,1,387000,27000,27000
OD076,JLO Still EDP Batch-2 (W) (https://app.notion.com/p/JLO-Still-EDP-Batch-2-W-349ef51f35c680d9b2a3e18cbb8af2ed?pvs=21),Ma Swe,20,,,,"June 24, 2026",Done,Paid,KBZ Pay,19000.00,1,150000,49000,49000
OD077,D&G Light Blue EDT (W)  (https://app.notion.com/p/D-G-Light-Blue-EDT-W-330ef51f35c68087b5bec9dbd0fb3421?pvs=21),YuKi,5,,,,"June 26, 2026",Done,Paid,Cash,9250.00,1,255000,22000,22000
OD078,Idole EDP (https://app.notion.com/p/Idole-EDP-35aef51f35c6808e8668ed83ebecf831?pvs=21),Thin THin,5,,,,"June 28, 2026",Done,Paid,Cash,8500.00,1,430000,30000,30000
OD079,CK Reflection (https://app.notion.com/p/CK-Reflection-349ef51f35c6808e95c2e674852cfe3e?pvs=21),Thin Thin,10,,,,"June 28, 2026",Done,Paid,Cash,10100.00,1,139000,24000,24000
OD080,CK Reflection (https://app.notion.com/p/CK-Reflection-349ef51f35c6808e95c2e674852cfe3e?pvs=21),Tester,5,,,,,,,,-6950.00,1,139000,,0
OD082,MontBlanc Explorer (https://app.notion.com/p/MontBlanc-Explorer-385ef51f35c680508cbbd69de173108b?pvs=21),Aung Ko,10,,,,"July 3, 2026",Done,Paid,KBZ Pay,13050.00,1,369000,31500,31500
OD083,MontBlanc Explorer (https://app.notion.com/p/MontBlanc-Explorer-385ef51f35c680508cbbd69de173108b?pvs=21),MA naw Muu,10,,,,"July 3, 2026",Done,Paid,Cash,13050.00,1,369000,31500,31500
OD084,MontBlanc Explorer (https://app.notion.com/p/MontBlanc-Explorer-385ef51f35c680508cbbd69de173108b?pvs=21),July Su,10,,Ninja Van,,"July 3, 2026",Done,Paid,KBZ Pay,13050.00,1,369000,31500,31500
OD086,Idole EDP (https://app.notion.com/p/Idole-EDP-35aef51f35c6808e8668ed83ebecf831?pvs=21),Wint Darly,5,,Ninja Van,,"July 2, 2026",Done,Paid,KBZ Pay,12500.00,1,430000,34000,34000
OD087,Idole EDP (https://app.notion.com/p/Idole-EDP-35aef51f35c6808e8668ed83ebecf831?pvs=21),Nway,10,,,,"July 2, 2026",Shipped,COD,KBZ Pay,20000.00,1,430000,63000,63000
OD085,Idole EDP (https://app.notion.com/p/Idole-EDP-35aef51f35c6808e8668ed83ebecf831?pvs=21),July Su,10,,Ninja Van,,"July 2, 2026",Done,Paid,KBZ Pay,20000.00,1,430000,63000,63000
OD088,D&G L'Imperatrice EDT (W) (https://app.notion.com/p/D-G-L-Imperatrice-EDT-W-338ef51f35c680e49d5fc5b494cee739?pvs=21),May Lwin,10,,,,"July 3, 2026",Done,Paid,KBZ Pay,11400.00,1,236000,35000,35000
OD089,MontBlanc Explorer (https://app.notion.com/p/MontBlanc-Explorer-385ef51f35c680508cbbd69de173108b?pvs=21),Khaing Su,30,,,,"July 6, 2026",Shipped,Paid,KBZ Pay,29200.00,1,369000,84550,84550
,Versace Eros Flame (https://app.notion.com/p/Versace-Eros-Flame-394ef51f35c680bc8851f955cb5272d3?pvs=21),Tester,2,,,,,,,,-5000.00,1,250000,,0
,Versace Eros Energy (https://app.notion.com/p/Versace-Eros-Energy-394ef51f35c6805ea887c906c539053d?pvs=21),Tester,2,,,,,,,,-5000.00,1,250000,,0
,Issey Miyake L'Eau D'ISSEY Pour Homme (https://app.notion.com/p/Issey-Miyake-L-Eau-D-ISSEY-Pour-Homme-394ef51f35c6800ab5c0c71855efa049?pvs=21),Tester,2,,,,,,,,-4000.00,1,200000,,0
,CK In 2U For Her EDT (W) (https://app.notion.com/p/CK-In-2U-For-Her-EDT-W-330ef51f35c680779c9ddc5b57088e52?pvs=21),Tester,2,,,,,,,,-3000.00,1,150000,,0
OD090,Versace Bright Crystal Parfum (https://app.notion.com/p/Versace-Bright-Crystal-Parfum-37fef51f35c6807281abc67e306f00b9?pvs=21),Khaing Su,10,,,,,Shipped,Pending,KBZ Pay,21444.44,1,302000,55000,55000
,Versace Bright Crystal Parfum (https://app.notion.com/p/Versace-Bright-Crystal-Parfum-37fef51f35c6807281abc67e306f00b9?pvs=21),Tester,2,,,,,,,,-6711.11,1,302000,,0
OD091,Versace Bright Crystal Absolu (https://app.notion.com/p/Versace-Bright-Crystal-Absolu-378ef51f35c68076bfa9f60900719cec?pvs=21),Ei Tha Zin Aung,10,,,,,Done,Paid,,12000.00,1,243000,39000,39000
OD092,Versace Bright Crystal Absolu (https://app.notion.com/p/Versace-Bright-Crystal-Absolu-378ef51f35c68076bfa9f60900719cec?pvs=21),Khaing Su,10,,,,,Done,Paid,,11000.00,1,243000,38000,38000
OD093,Versace Eros Flame (https://app.notion.com/p/Versace-Eros-Flame-394ef51f35c680bc8851f955cb5272d3?pvs=21),YuKi,10,,,,,Done,Paid,,20000.00,1,250000,45000,45000
OD094,Burberry Her EDP (https://app.notion.com/p/Burberry-Her-EDP-36cef51f35c6801c9aaed98abff477c2?pvs=21),YuKi,10,,,,,Done,Paid,KBZ Pay,15800.00,1,387000,54500,54500
OD095,Burberry Sheer (https://app.notion.com/p/Burberry-Sheer-386ef51f35c6803e81b1c457074d9569?pvs=21),YuKi,100,,,,"July 31, 2026",Done,Paid,KBZ Pay,0.00,1,240000,240000,240000
OD096,Armaf CDN Untold (U) (https://app.notion.com/p/Armaf-CDN-Untold-U-330ef51f35c680d3a368e96a4f8f327f?pvs=21),Zin,10,,,,"August 31, 2026",Done,Paid,KBZ Pay,6428.57,1,195000,25000,25000
OD097,Valentino BIR coral fantasy (https://app.notion.com/p/Valentino-BIR-coral-fantasy-3b3ef51f35c680dca282cb3149b48fd7?pvs=21),Doru,5,,,,"August 31, 2026",Done,Paid,KBZ Pay,16100.00,1,428000,37500,37500
OD098,Versace Eros Energy (https://app.notion.com/p/Versace-Eros-Energy-394ef51f35c6805ea887c906c539053d?pvs=21),KTL,10,,,,"July 31, 2026",Done,Paid,KBZ Pay,15000.00,1,250000,40000,40000
,Gucci Floral gorgeous gardenia (https://app.notion.com/p/Gucci-Floral-gorgeous-gardenia-338ef51f35c680939fc7f07742b8dac2?pvs=21),Teser,5,,,,,,,,-15850.00,1,317000,,0
,Gucci Floral gorgeous gardenia (https://app.notion.com/p/Gucci-Floral-gorgeous-gardenia-338ef51f35c680939fc7f07742b8dac2?pvs=21),Ma Moe Thu,10,,,,,,,,0.00,,317000,,0
OD099,Burberry Her EDP (https://app.notion.com/p/Burberry-Her-EDP-36cef51f35c6801c9aaed98abff477c2?pvs=21),Pyae L Win,10,,,,"September 8, 2026",Done,Paid,KBZ Pay,14300.00,1,387000,53000,53000
OD100,YSL Lire Refill (https://app.notion.com/p/YSL-Lire-Refill-3d7ef51f35c680f0ab94dfec7ffd2f63?pvs=21),Pyae L win,2,,,,"September 8, 2026",Done,COD,KBZ Pay,1440.00,1,428000,10000,10000
,Prada Paradoxe (https://app.notion.com/p/Prada-Paradoxe-3d7ef51f35c68003a5f7e9497eddc1e4?pvs=21),,2,,,,"September 8, 2026",Done,COD,KBZ Pay,1620.00,1,419000,10000,10000
,Versace Bright Crystal Absolu (https://app.notion.com/p/Versace-Bright-Crystal-Absolu-378ef51f35c68076bfa9f60900719cec?pvs=21),,2,,,,"September 8, 2026",Done,COD,KBZ Pay,4600.00,1,243000,10000,10000
,Idole EDP (https://app.notion.com/p/Idole-EDP-35aef51f35c6808e8668ed83ebecf831?pvs=21),,2,,,,"September 8, 2026",Done,COD,KBZ Pay,1400.00,1,430000,10000,10000
,CH Good Girl Jasmine Abs. (W) (https://app.notion.com/p/CH-Good-Girl-Jasmine-Abs-W-338ef51f35c680f1a7c3ed38d31a6d8f?pvs=21),,2,,,,"September 8, 2026",Done,COD,KBZ Pay,2120.00,1,394000,10000,10000
OD101,Valentino BIR coral fantasy (https://app.notion.com/p/Valentino-BIR-coral-fantasy-3b3ef51f35c680dca282cb3149b48fd7?pvs=21),Chuu,5,,,,"September 7, 2026",Shipped,Pending,KBZ Pay,14600.00,1,428000,36000,36000
OD102,Valentino Born In Roma (https://app.notion.com/p/Valentino-Born-In-Roma-3b3ef51f35c6806b9e2ceaa47b5a8c17?pvs=21),Hsu Pyae,5,,,,"September 7, 2026",Shipped,Paid,KBZ Pay,14100.00,1,438000,36000,36000
OD103,Prada Paradoxe (https://app.notion.com/p/Prada-Paradoxe-3d7ef51f35c68003a5f7e9497eddc1e4?pvs=21),Hsu Pyae,5,,,,"September 7, 2026",Shipped,Pending,KBZ Pay,15050.00,1,419000,36000,36000
OD104,Prada Paradoxe (https://app.notion.com/p/Prada-Paradoxe-3d7ef51f35c68003a5f7e9497eddc1e4?pvs=21),Ma Moe Thu,10,,,,"September 7, 2026",Shipped,Pending,KBZ Pay,18100.00,1,419000,60000,60000
OD105,Gucci Floral gorgeous gardenia (https://app.notion.com/p/Gucci-Floral-gorgeous-gardenia-338ef51f35c680939fc7f07742b8dac2?pvs=21),Ma Moe Thu,10,,,,"September 7, 2026",Shipped,Pending,KBZ Pay,20300.00,1,317000,52000,52000
OD106,Jimmy Choo I want Choo (https://app.notion.com/p/Jimmy-Choo-I-want-Choo-3d7ef51f35c6801b900dfddbf241dd31?pvs=21),Khin Zar Ni Wint,10,,,,"September 7, 2026",Done,COD,KBZ Pay,8100.00,1,259000,34000,34000
OD107,Prada Paradoxe (https://app.notion.com/p/Prada-Paradoxe-3d7ef51f35c68003a5f7e9497eddc1e4?pvs=21),Khaing Hsu,10,,,,"September 7, 2026",Done,COD,KBZ Pay,18100.00,1,419000,60000,60000
OD108,Prada Paradoxe (https://app.notion.com/p/Prada-Paradoxe-3d7ef51f35c68003a5f7e9497eddc1e4?pvs=21),Mercy,10,,,,"September 14, 2026",Done,COD,KBZ Pay,18100.00,1,419000,60000,60000
OD109,Prada Paradoxe (https://app.notion.com/p/Prada-Paradoxe-3d7ef51f35c68003a5f7e9497eddc1e4?pvs=21),Moe,5,,,,"September 12, 2026",Done,COD,Cash,9050.00,1,419000,30000,30000
OD110,Gucci Floral gorgeous gardenia (https://app.notion.com/p/Gucci-Floral-gorgeous-gardenia-338ef51f35c680939fc7f07742b8dac2?pvs=21),Moe,5,,,,"September 12, 2026",Done,COD,Cash,14150.00,1,317000,30000,30000
OD111,Versace Eros Energy (https://app.notion.com/p/Versace-Eros-Energy-394ef51f35c6805ea887c906c539053d?pvs=21),Aung Ko,10,,,,"September 17, 2026",Done,COD,KBZ Pay,14000.00,1,250000,39000,39000
OD102,Julitte has a gun (Tester) (https://app.notion.com/p/Julitte-has-a-gun-Tester-349ef51f35c68056b5a4f960f8507cfc?pvs=21),Khaing Hsu,5,,,,"September 17, 2026",Shipped,COD,KBZ Pay,11400.00,1,292000,26000,26000
OD103,Burberry Her EDP (https://app.notion.com/p/Burberry-Her-EDP-36cef51f35c6801c9aaed98abff477c2?pvs=21),Yoon Pyae Ko Ko,10,,,,"September 17, 2026",Shipped,COD,KBZ Pay,14300.00,1,387000,53000,53000
OD104,D&G L'Imperatrice EDT (W) (https://app.notion.com/p/D-G-L-Imperatrice-EDT-W-338ef51f35c680e49d5fc5b494cee739?pvs=21),Yoon Pyae Ko Ko,10,,,,"September 17, 2026",Shipped,COD,KBZ Pay,11400.00,1,236000,35000,35000
OD105,D&G L'Imperatrice EDT (W) (https://app.notion.com/p/D-G-L-Imperatrice-EDT-W-338ef51f35c680e49d5fc5b494cee739?pvs=21),Zin,2.5,,,,"September 18, 2026",Shipped,Pending,KBZ Pay,4100.00,1,236000,10000,10000
OD106,Idole EDP (https://app.notion.com/p/Idole-EDP-35aef51f35c6808e8668ed83ebecf831?pvs=21),,2.5,,,,"September 18, 2026",Shipped,Pending,KBZ Pay,4250.00,1,430000,15000,15000