Item Name,Amount Paid,Balance Due,Delivery Fee,Expected Arrival,Notes,Order Date,Payment Status,Source Cost,Stock Qty,Stock Status,Supplier,Total Cost
CH Good Girl Jasmine Abs. 100ml,389000,4000,4000,"May 15, 2026",,"April 3, 2026",Paid,389000,1,✅ Added to Stock,Kyaw's Ko Perfume,393000
CK Reflection,,280000,2000,"May 15, 2026",,"April 12, 2026",Paid,139000,2,✅ Added to Stock,Kyaw's Ko Perfume,280000
SI Intense,50000,152000,4000,"May 15, 2026",,"April 12, 2026",Paid,198000,1,✅ Added to Stock,Perfume Source,202000
D&G Limpertrice,100000,117000,,"May 15, 2026",,"April 22, 2026",Paid,217000,1,✅ Added to Stock,Perfume Source,217000
Julitte has a gun Tester (100ml),188000,100000,,"May 26, 2026",,"April 9, 2026",Paid,288000,1,✅ Added to Stock,Perfume Source,288000
Burberry Her,,381000,2000,"May 15, 2026",,"April 30, 2026",Paid,379000,1,✅ Added to Stock,Kyaw's Ko Perfume,381000
Issey Miyake vetiver,0,398000,,"May 15, 2026",,"April 30, 2026",Paid,199000,2,⏳ Waiting,Kyaw's Ko Perfume,398000
Versace Eros (Tester),0,249000,,"June 6, 2026",,"May 6, 2026",Paid,249000,1,⏳ Waiting,Kyaw's Ko Perfume,249000
Versace Bright Crystal Parfum,100000,198000,,"June 16, 2026",,"May 6, 2026",Paid,298000,1,✅ Added to Stock,Perfume Source,298000
Miss Dior Bloming Bouquet,100000,109000,,"June 5, 2026",,"May 6, 2026",Paid,209000,1,✅ Added to Stock,Perfume Source,209000
Versace Flame (Tester),0,249000,,"June 18, 2026",,"May 18, 2026",Paid,249000,1,⏳ Waiting,Kyaw's Ko Perfume,249000
Valentino Born in Roma Coral Fantasy EDP,,428000,,"June 21, 2026",,"May 21, 2026",Paid,428000,1,⏳ Waiting,Kyaw's Ko Perfume,428000
Valentino Born in Roma EDP,,438000,,"August 31, 2026",,"May 23, 2026",Pending,438000,1,⏳ Waiting,Kyaw's Ko Perfume,438000
D&G Light Blue Men,100000,105000,,"August 31, 2026",,"May 25, 2026",30% Prepaid,205000,1,⏳ Waiting,Perfume Source,205000
YSL MySelf,,490000,,"August 31, 2026",,"May 29, 2026",Pending,490000,1,⏳ Waiting,Kyaw's Ko Perfume,490000
YSL Libre Refill,,424000,,"September 16, 2026",,"June 5, 2026",Pending,424000,1,⏳ Waiting,Kyaw's Ko Perfume,424000
YSL Libre Berry Crush,188000,400000,,"July 8, 2026",,"June 8, 2026",Paid,588000,1,⏳ Waiting,Perfume Source,588000
Versace Bright Crystal Absolu,238000,4000,4000,"June 10, 2026",,"June 7, 2026",Paid,238000,1,✅ Added to Stock,21 Question,242000
Viva la juicy Noir tester,,199000,,"September 30, 2026",,"June 20, 2026",Pending,199000,1,⏳ Waiting,Kyaw’s Ko Perfume,199000
Viva la juciy gold tester,,199000,,"September 16, 2026",,"June 20, 2026",Pending,199000,1,⏳ Waiting,Kyaw’s Ko Perfume,199000
Montblanc explorer edp,,369000,4000,"July 22, 2026",,"June 22, 2026",Paid,365000,1,✅ Added to Stock,21 question,369000
Versace Emerlad,,290000,,"August 15, 2026",,"July 10, 2026",Pending,290000,1,⏳ Waiting,21 ques,290000
Lancome Idole Refill,178000,200000,,"August 20, 2026",,"July 12, 2026",30% Prepaid,378000,1,⏳ Waiting,Perfume source,378000
Miss Dior Blomming Boquet,100000,139000,,"August 24, 2026",,"July 24, 2026",30% Prepaid,239000,1,⏳ Waiting,Perfume source,239000
My Way,,380000,,"September 23, 2026",,"July 15, 2026",Pending,380000,1,⏳ Waiting,Kyaw Ko,380000
Prada Paradoxe edp refill,,415000,,"September 2, 2026",,"August 2, 2026",Pending,415000,1,⏳ Waiting,21 question,415000
Jimmy Cho I want Cho,100000,155000,,"September 8, 2026",,"August 8, 2026",30% Prepaid,255000,1,⏳ Waiting,perfume source,255000
Power of you,118000,300000,,"August 15, 2026",,"July 6, 2026",30% Prepaid,418000,1,⏳ Waiting,Perfume Source,418000