Scent Name,10ml,20ml,30ml,3ml,5ml,Brand,Gender,Size (bottle),Source Cost,Status,Stock Qty
Armaf CDN EDP (W),24000,,72000,9000,13000,Armaf,Women,105,180000,InStock,1
Armaf CDN Untold (U),25000,,78500,11000,15000,Armaf,UniSex,105,195000,InStock,1
CK In 2U For Her EDT (W),22000,,57000,8000,12000,CK,Women,100,150000,InStock,1
JLO Still EDP Batch 1 (W),24000,,65000,10000,13000,JiLo,Women,100,170000,Out,1
Nautica Voyage Sport (M),20000,,56000,7500,11000,Nautica,Men,100,140000,Out,1
"D&G Light Blue EDT (W) ",34000,,95000,12000,18000,D&G,Men,100,255000,InStock,1
D&G L'Imperatrice EDT (W),35000,,97000,15000,20000,D&G,Women,100,236000,InStock,1
VS Bombshell EDP (W),51000,,140000,18000,27000,Victoria'a Secret,Women,100,295000,InStock,1
CH Good Girl Jasmine Abs. (W),65000,,170000,22000,35000,CH,Women,100,394000,InStock,1
Gucci Floral gorgeous gardenia,55000,,155000,18000,30000,Gucci,Women,100,317000,InStock,1
JLO Still EDP Batch-2 (W),24000,,70000,10000,13000,JiLo,Women,100,150000,InStock,1
Replica beach Walk,48000,,135000,18000,26000,Replica,UniSex,100,288000,InStock,1
CK Reflection,26000,,70000,10000,15000,CK,Men,100,139000,InStock,1
SI Intense Refill,35000,,100000,18000,20000,SI,Women,100,198000,InStock,1
Julitte has a gun (Tester),46000,92000,145000,18000,26000,Julitte,UniSex,100,292000,InStock,1
Miss Dior Blomming,,,,,,Dior,Women,30,209000,InStock,1
Idole EDP,63000,125000,185000,25000,34000,Lancome,Women,100,430000,InStock,1
Burberry Her EDP,53000,100000,150000,18000,27000,Burberry,Women,100,387000,InStock,1
Versace Bright Crystal Absolu,40000,79000,115000,16000,25000,Versace,Women,90,243000,InStock,1
Versace Bright Crystal Parfum,51000,95000,140000,17000,29500,Versace,Women,90,302000,InStock,1
D&G Light Blue Men,,,,,,D&G,Men,100,100000,PreOrder,1
YSL Libre Berry Crush,,,,,,YSL libre,Women,90,188000,InStock,1
MontBlanc Explorer,32500,60000,89000,12000,19000,MontBlanc,Men,200,369000,InStock,1
Burberry Sheer,,,,,,Burberry,Women,100,240000,InStock,1
Versace Eros Flame,40000,75000,115000,15000,23000,Versace,Men,100,250000,InStock,1
Versace Eros Energy,40000,75000,115000,15000,23000,Versace,Men,100,250000,InStock,1
Issey Miyake L'Eau D'ISSEY Pour Homme,34000,65000,95000,12000,20000,Issey Miyake,Men,100,200000,InStock,1
Valentino Born In Roma,65000,123000,185000,22000,36500,Valentino,Women,100,438000,InStock,1
Valentino BIR coral fantasy,67000,126000,183000,21500,36000,Valentino,Women,100,428000,InStock,1
YSL Lire Refill,65000,127000,189000,22500,36000,YSL,Women,100,428000,InStock,1
Prada Paradoxe,64000,125000,184900,22000,35500,Prada,Women,100,419000,InStock,1
Versace Crystal Emerlad,52000,98500,145500,18000,28500,Versace,Women,90,294000,InStock,1
Jimmy Choo I want Choo,35000,66500,95500,15000,24000,Jimmy Choo,Women,100,259000,InStock,1